Rk.,Player,Year,HR,SO,BB,SLG
1," Bautista, Jose",2010,54,116,100,0.617
2," Fielder, Cecil",1990,51,182,90,0.592
3," Jones, Andruw",2005,51,112,64,0.575
4," Belle, Albert",1995,50,80,73,0.69
5," Sosa, Sammy",2000,50,168,91,0.634
6," Bonds, Barry",2000,49,77,117,0.688
7," Schmidt, Mike",1980,48,119,89,0.624
8," Rodriguez, Alex",2005,48,139,91,0.61
9," Glaus, Troy",2000,47,163,112,0.604
10," Bagwell, Jeff",2000,47,116,107,0.615
11," Ortiz, David",2005,47,124,102,0.604
12," Davis, Chris",2015,47,208,84,0.562
13," Lee, Derrek",2005,46,109,85,0.662
14," Ramirez, Manny",2005,45,119,80,0.594
15," Hidalgo, Richard",2000,44,110,56,0.636
16," Guerrero, Vladimir",2000,44,74,58,0.664
17," Cruz, Nelson",2015,44,164,59,0.566
18," Giambi, Jason",2000,43,96,137,0.647
19," Thomas, Frank",2000,43,94,112,0.625
20," Sheffield, Gary",2000,43,71,101,0.643
21," Teixeira, Mark",2005,43,124,72,0.575
22," Edmonds, Jim",2000,42,167,103,0.583
23," Helton, Todd",2000,42,61,103,0.698
24," Pujols, Albert",2010,42,76,103,0.596
25," Harper, Bryce",2015,42,131,124,0.649
26," Arenado, Nolan",2015,42,110,34,0.575
27," Jackson, Reggie",1980,41,122,83,0.597
28," Oglivie, Ben",1980,41,71,54,0.563
29," Rodriguez, Alex",2000,41,121,100,0.606
30," Justice, David",2000,41,91,77,0.584
31," Delgado, Carlos",2000,41,104,123,0.664
32," Batista, Tony",2000,41,121,35,0.519
33," Pujols, Albert",2005,41,65,97,0.609
34," Donaldson, Josh",2015,41,133,73,0.568
35," Trout, Mike",2015,41,158,92,0.59
36," Evans, Darrell",1985,40,85,85,0.519
37," Sandberg, Ryne",1990,40,84,50,0.559
38," Buhner, Jay",1995,40,120,60,0.566
39," Thomas, Frank",1995,40,74,136,0.606
40," Bichette, Dante",1995,40,96,22,0.62
41," Griffey Jr., Ken",2000,40,117,94,0.556
42," Konerko, Paul",2005,40,109,81,0.534
43," Dunn, Adam",2005,40,168,114,0.54
44," Pujols, Albert",2015,40,72,50,0.48
45," Bautista, Jose",2015,40,106,110,0.536
46," Gonzalez, Carlos",2015,40,133,46,0.54
47," McGwire, Mark",1990,39,116,110,0.489
48," Vaughn, Mo",1995,39,150,68,0.575
49," Palmeiro, Rafael",1995,39,65,62,0.583
50," Palmeiro, Rafael",2000,39,77,103,0.558
51," Sexson, Richie",2005,39,167,89,0.541
52," Konerko, Paul",2010,39,110,72,0.584
53," Encarnacion, Edwin",2015,39,98,77,0.557
54," Thomas, Gorman",1980,38,170,58,0.471
55," Ramirez, Manny",2000,38,117,86,0.697
56," Piazza, Mike",2000,38,69,58,0.614
57," Dunn, Adam",2010,38,199,77,0.536
58," Cabrera, Miguel",2010,38,95,89,0.622
59," Martinez, J.D.",2015,38,178,53,0.535
60," Fisk, Carlton",1985,37,81,52,0.488
61," Murphy, Dale",1985,37,141,90,0.539
62," Canseco, Jose",1990,37,158,72,0.543
63," Strawberry, Darryl",1990,37,110,70,0.518
64," Thome, Jim",2000,37,171,118,0.531
65," Martinez, Edgar",2000,37,95,96,0.579
66," Glaus, Troy",2005,37,145,84,0.522
67," Votto, Joey",2010,37,125,91,0.6
68," Ortiz, David",2015,37,95,77,0.553
69," Balboni, Steve",1985,36,166,52,0.477
70," Walker, Larry",1995,36,72,49,0.607
71," Sosa, Sammy",1995,36,134,58,0.5
72," Jones, Andruw",2000,36,100,59,0.541
73," Jones, Chipper",2000,36,64,95,0.566
74," Vaughn, Mo",2000,36,181,79,0.498
75," Soriano, Alfonso",2005,36,125,33,0.512
76," Ensberg, Morgan",2005,36,119,85,0.557
77," Armas, Tony",1980,35,128,29,0.5
78," Mattingly, Don",1985,35,41,56,0.567
79," Mitchell, Kevin",1990,35,87,58,0.544
80," McGriff, Fred",1990,35,108,94,0.53
81," Gaetti, Gary",1995,35,91,47,0.518
82," Finley, Steve",2000,35,87,65,0.544
83," Anderson, Garret",2000,35,87,24,0.519
84," Giles, Brian",2000,35,69,114,0.594
85," Griffey Jr., Ken",2005,35,93,54,0.576
86," Frazier, Todd",2015,35,137,44,0.498
87," Cespedes, Yoenis",2015,35,141,33,0.542
88," Machado, Manny",2015,35,111,70,0.502
89," Parker, Dave",1985,34,80,52,0.551
90," Salmon, Tim",1995,34,111,91,0.594
91," Salmon, Tim",2000,34,139,104,0.54
92," Everett, Carl",2000,34,113,52,0.587
93," Jenkins, Geoff",2000,34,135,33,0.588
94," Floyd, Cliff",2005,34,98,63,0.505
95," Sheffield, Gary",2005,34,76,78,0.512
96," Gonzalez, Carlos",2010,34,135,40,0.598
97," Murphy, Dale",1980,33,133,59,0.51
98," Schmidt, Mike",1985,33,117,87,0.532
99," Guerrero, Pedro",1985,33,68,83,0.577
100," Bonds, Barry",1990,33,83,93,0.565
101," Williams, Matt",1990,33,138,33,0.488
102," Bonds, Barry",1995,33,83,120,0.577
103," Edmonds, Jim",1995,33,130,51,0.536
104," Dye, Jermaine",2000,33,99,69,0.561
105," Kent, Jeff",2000,33,107,90,0.596
106," Hafner, Travis",2005,33,123,79,0.595
107," Cabrera, Miguel",2005,33,125,64,0.561
108," Delgado, Carlos",2005,33,121,72,0.582
109," Teixeira, Mark",2010,33,122,93,0.481
110," Uggla, Dan",2010,33,149,78,0.508
111," Rodriguez, Alex",2015,33,145,84,0.486
112," Goldschmidt, Paul",2015,33,151,118,0.57
113," Murray, Eddie",1980,32,71,54,0.519
114," Carter, Gary",1985,32,46,69,0.488
115," Thomas, Gorman",1985,32,126,84,0.45
116," Gant, Ron",1990,32,86,50,0.539
117," Bonilla, Bobby",1990,32,103,45,0.518
118," Castilla, Vinny",1995,32,87,30,0.564
119," Tettleton, Mickey",1995,32,110,107,0.51
120," Karros, Eric",1995,32,115,61,0.535
121," Piazza, Mike",1995,32,80,39,0.606
122," Ordonez, Magglio",2000,32,64,60,0.546
123," Fullmer, Brad",2000,32,68,30,0.558
124," Giambi, Jason",2005,32,109,108,0.535
125," Lee, Carlos",2005,32,87,57,0.487
126," Burrell, Pat",2005,32,160,99,0.504
127," Bay, Jason",2005,32,142,95,0.559
128," Guerrero, Vladimir",2005,32,48,61,0.565
129," Ortiz, David",2010,32,145,82,0.529
130," Hamilton, Josh",2010,32,95,43,0.633
131," Fielder, Prince",2010,32,138,114,0.471
132," Reynolds, Mark",2010,32,211,83,0.433
133," Murray, Eddie",1985,31,68,84,0.523
134," Gruber, Kelly",1990,31,94,48,0.512
135," Ramirez, Manny",1995,31,112,75,0.558
136," Martinez, Tino",1995,31,91,62,0.551
137," Galarraga, Andres",1995,31,146,32,0.511
138," Fielder, Cecil",1995,31,116,75,0.472
139," Nevin, Phil",2000,31,121,59,0.543
140," Karros, Eric",2000,31,122,63,0.459
141," Wilson, Preston",2000,31,187,55,0.486
142," Gonzalez, Luis",2000,31,85,78,0.544
143," Cruz, Jose",2000,31,129,71,0.466
144," Burnitz, Jeromy",2000,31,121,99,0.456
145," Ramirez, Aramis",2005,31,60,35,0.568
146," Dye, Jermaine",2005,31,99,39,0.512
147," Wells, Vernon",2010,31,84,50,0.515
148," Gonzalez, Adrian",2010,31,114,93,0.511
149," Howard, Ryan",2010,31,157,59,0.505
150," Hart, Corey",2010,31,140,45,0.525
151," Rizzo, Anthony",2015,31,105,78,0.512
152," Mayberry, John",1980,30,80,77,0.473
153," Kingman, Dave",1985,30,114,62,0.417
154," Brett, George",1985,30,49,103,0.585
155," Tejada, Miguel",2000,30,102,66,0.479
156," Alou, Moises",2000,30,45,52,0.623
157," Williams, Bernie",2000,30,84,71,0.566
158," Sexson, Richie",2000,30,159,59,0.499
159," Higginson, Bobby",2000,30,99,74,0.538
160," Rodriguez, Alex",2010,30,98,59,0.506
161," Abreu, Jose",2015,30,140,39,0.502
162," Carter, Gary",1980,29,78,58,0.486
163," Baker Jr., Dusty",1980,29,66,43,0.503
164," Evans, Dwight",1985,29,105,114,0.454
165," Gibson, Kirk",1985,29,137,71,0.518
166," Gant, Ron",1995,29,108,74,0.554
167," Martinez, Edgar",1995,29,87,116,0.628
168," Palmer, Dean",2000,29,146,66,0.471
169," Sweeney, Mike",2000,29,67,71,0.523
170," Edmonds, Jim",2005,29,139,91,0.533
171," Kent, Jeff",2005,29,85,72,0.512
172," Dellucci, David",2005,29,121,76,0.513
173," Guerrero, Vladimir",2010,29,60,35,0.496
174," Cano, Robinson",2010,29,77,57,0.534
175," Weeks Jr., Rickie",2010,29,184,76,0.464
176," Swisher, Nick",2010,29,139,58,0.511
177," Wright, David",2010,29,161,69,0.503
178," Votto, Joey",2015,29,135,143,0.541
179," Cey, Ron",1980,28,92,69,0.452
180," Bell, George",1985,28,90,43,0.479
181," Marshall, Mike",1985,28,137,37,0.515
182," Presley, Jim",1985,28,100,44,0.484
183," Young, Mike",1985,28,104,48,0.513
184," Parrish, Lance",1985,28,90,41,0.479
185," Henderson, Rickey",1990,28,60,97,0.577
186," Justice, David",1990,28,92,64,0.535
187," Sanders, Reggie",1995,28,122,69,0.579
188," Bonilla, Bobby",1995,28,79,54,0.576
189," Galarraga, Andres",2000,28,126,36,0.526
190," Posada, Jorge",2000,28,151,107,0.527
191," Lee, Derrek",2000,28,123,63,0.507
192," Vaughn, Greg",2000,28,128,80,0.499
193," Utley, Chase",2005,28,109,69,0.54
194," Wells, Vernon",2005,28,86,47,0.463
195," Cantu, Jorge",2005,28,83,19,0.497
196," Beltre, Adrian",2010,28,82,40,0.553
197," Pena, Carlos",2010,28,158,87,0.407
198," Holliday, Matt",2010,28,93,69,0.532
199," Kemp, Matt",2010,28,170,53,0.45
200," Gonzalez, Adrian",2015,28,107,62,0.48
201," Carpenter, Matt",2015,28,151,81,0.505
202," Dozier, Brian",2015,28,148,61,0.444
203," Barfield, Jesse",1985,27,143,66,0.536
204," Jackson, Reggie",1985,27,138,78,0.487
205," Brunansky, Tom",1985,27,86,71,0.448
206," Horner, Bob",1985,27,57,50,0.499
207," Rice, Jim",1985,27,75,51,0.487
208," Deer, Rob",1990,27,147,64,0.432
209," Dawson, Andre",1990,27,65,42,0.535
210," Daniels, Kal",1990,27,104,68,0.531
211," Valentin, John",1995,27,67,81,0.533
212," Phillips, Tony",1995,27,135,113,0.459
213," McGriff, Fred",1995,27,99,65,0.489
214," Grieve, Ben",2000,27,130,73,0.487
215," McGriff, Fred",2000,27,120,91,0.452
216," Chavez, Eric",2005,27,129,58,0.466
217," Tracy, Chad",2005,27,78,35,0.553
218," Mora, Melvin",2005,27,112,50,0.474
219," Wright, David",2005,27,113,72,0.523
220," Werth, Jayson",2010,27,147,82,0.532
221," Scott, Luke",2010,27,98,59,0.535
222," Tulowitzki, Troy",2010,27,78,48,0.568
223," Young, Chris",2010,27,145,74,0.452
224," Jones, Adam",2015,27,102,24,0.474
225," Duda, Lucas",2015,27,138,66,0.486
226," Gattis, Evan",2015,27,119,30,0.463
227," Garvey, Steve",1980,26,67,36,0.467
228," Bradley, Phil",1985,26,129,55,0.498
229," Sandberg, Ryne",1985,26,97,57,0.504
230," Ripken Jr., Cal",1985,26,68,67,0.469
231," Winfield, Dave",1985,26,96,52,0.471
232," Murray, Eddie",1990,26,64,82,0.52
233," Mondesi, Raul",1995,26,96,33,0.496
234," Ventura, Robin",1995,26,98,75,0.498
235," Caminiti, Ken",1995,26,94,69,0.513
236," Chavez, Eric",2000,26,94,62,0.495
237," Rolen, Scott",2000,26,99,51,0.551
238," Klesko, Ryan",2000,26,81,91,0.516
239," Gibbons, Jay",2005,26,56,28,0.516
240," Biggio, Craig",2005,26,90,37,0.468
241," Tejada, Miguel",2005,26,83,40,0.515
242," Lane, Jason",2005,26,105,32,0.499
243," Huff, Aubrey",2010,26,91,83,0.506
244," Johnson, Kelly",2010,26,148,79,0.496
245," Hill, Aaron",2010,26,85,41,0.394
246," Quentin, Carlos",2010,26,83,50,0.479
247," Napoli, Mike",2010,26,137,42,0.468
248," Granderson, Curtis",2015,26,151,91,0.457
249," McCann, Brian",2015,26,97,52,0.437
250," Upton, Justin",2015,26,159,68,0.454
251," Bruce, Jay",2015,26,145,58,0.434
252," Seager, Kyle",2015,26,98,54,0.451
253," Bryant, Kris",2015,26,199,77,0.488
254," Pederson, Joc",2015,26,170,92,0.417
255," Calhoun, Kole",2015,26,164,45,0.422
256," Foster, George",1980,25,99,75,0.473
257," Perez, Tony",1980,25,93,41,0.467
258," Hendrick, George",1980,25,67,32,0.498
259," Cooper, Cecil",1980,25,42,39,0.539
260," Barfield, Jesse",1990,25,150,82,0.456
261," Sabo, Chris",1990,25,58,61,0.476
262," Thome, Jim",1995,25,113,97,0.558
263," Conine, Jeff",1995,25,94,66,0.52
264," Carter, Joe",1995,25,87,37,0.428
265," Lankford, Ray",1995,25,110,63,0.513
266," Alfonzo, Edgardo",2000,25,70,95,0.542
267," Abreu, Bobby",2000,25,116,100,0.554
268," Erstad, Darin",2000,25,82,64,0.541
269," Valentin, Jose",2000,25,106,59,0.491
270," Mench, Kevin",2005,25,68,50,0.469
271," Blalock, Hank",2005,25,132,51,0.431
272," Wilson, Preston",2005,25,148,45,0.467
273," Jenkins, Geoff",2005,25,138,56,0.513
274," Ramirez, Aramis",2010,25,90,34,0.452
275," LaRoche, Adam",2010,25,172,48,0.468
276," Pence, Hunter",2010,25,105,41,0.461
277," Bruce, Jay",2010,25,136,58,0.493
278," Braun, Ryan",2010,25,105,56,0.501
279," Zimmerman, Ryan",2010,25,98,69,0.51
280," Braun, Ryan",2015,25,115,54,0.498
281," Brett, George",1980,24,22,58,0.664
282," Singleton, Ken",1980,24,94,92,0.485
283," Rice, Jim",1980,24,87,30,0.504
284," Parrish, Lance",1980,24,109,31,0.499
285," Henderson, Rickey",1985,24,65,99,0.516
286," Davis, Mike",1985,24,99,50,0.484
287," Walker, Greg",1985,24,100,44,0.454
288," McReynolds, Kevin",1990,24,61,71,0.455
289," Davis, Eric",1990,24,100,60,0.486
290," Carter, Joe",1990,24,93,48,0.391
291," Incaviglia, Pete",1990,24,146,45,0.42
292," Murphy, Dale",1990,24,130,61,0.417
293," Parrish, Lance",1990,24,107,46,0.451
294," Canseco, Jose",1995,24,93,42,0.556
295," Snow, J.T.",1995,24,91,52,0.465
296," Baines, Harold",1995,24,45,70,0.54
297," Cordova, Marty",1995,24,111,52,0.486
298," Justice, David",1995,24,68,73,0.479
299," Hill, Glenallen",1995,24,98,39,0.483
300," Ventura, Robin",2000,24,91,75,0.439
301," Vidro, Jose",2000,24,69,49,0.54
302," Lee, Carlos",2000,24,94,38,0.484
303," Lopez, Javy",2000,24,80,35,0.484
304," Green, Shawn",2000,24,121,90,0.472
305," Young, Michael",2005,24,91,58,0.513
306," Peralta, Jhonny",2005,24,128,58,0.52
307," Berkman, Lance",2005,24,72,91,0.524
308," Abreu, Bobby",2005,24,134,117,0.474
309," Guillen, Jose",2005,24,102,31,0.479
310," Gonzalez, Luis",2005,24,90,78,0.459
311," Burnitz, Jeromy",2005,24,109,57,0.435
312," Soriano, Alfonso",2010,24,123,45,0.496
313," Lee, Carlos",2010,24,59,37,0.417
314," Uribe, Juan",2010,24,92,45,0.44
315," Granderson, Curtis",2010,24,116,53,0.468
316," Martin, Jerry",1980,23,107,38,0.419
317," Charboneau, Joe",1980,23,70,49,0.488
318," Yount, Robin",1980,23,67,26,0.519
319," Baylor, Don",1985,23,90,52,0.43
320," Dawson, Andre",1985,23,92,29,0.444
321," Lynn, Fred",1985,23,100,53,0.449
322," Johnson, Howard",1990,23,100,69,0.434
323," Blowers, Mike",1995,23,128,53,0.474
324," Jones, Chipper",1995,23,99,73,0.45
325," Puckett, Kirby",1995,23,89,56,0.515
326," Colbrunn, Greg",1995,23,69,22,0.453
327," Belle, Albert",2000,23,68,52,0.474
328," Bichette, Dante",2000,23,91,49,0.477
329," Matsui, Hideki",2005,23,78,63,0.496
330," Jones, Jacque",2005,23,120,51,0.438
331," Everett, Carl",2005,23,99,42,0.435
332," Blake, Casey",2005,23,116,43,0.438
333," Lopez, Felipe",2005,23,111,57,0.486
334," Hunter, Torii",2010,23,106,61,0.464
335," Gonzalez, Alex",2010,23,118,31,0.447
336," McGehee, Casey",2010,23,102,50,0.464
337," Ethier, Andre",2010,23,102,59,0.493
338," Lind, Adam",2010,23,144,38,0.425
339," Rasmus, Colby",2010,23,148,63,0.498
340," Byrd, Marlon",2015,23,145,29,0.453
341," Fielder, Prince",2015,23,88,64,0.463
342," Howard, Ryan",2015,23,138,27,0.443
343," Martin, Russell",2015,23,106,53,0.458
344," McCutchen, Andrew",2015,23,133,98,0.488
345," Kemp, Matt",2015,23,147,39,0.443
346," Moreland, Mitch",2015,23,112,32,0.482
347," Clark, Jack",1980,22,52,74,0.517
348," White, Frank",1985,22,86,28,0.414
349," Cey, Ron",1985,22,106,58,0.408
350," Thornton, Andre",1985,22,75,47,0.408
351," Baines, Harold",1985,22,89,42,0.467
352," Wallach, Tim",1985,22,79,38,0.45
353," Clark, Jack",1985,22,88,83,0.502
354," O'Brien, Pete",1985,22,53,69,0.452
355," Maldonado, Candy",1990,22,134,49,0.446
356," Hrbek, Kent",1990,22,45,69,0.474
357," Griffey Jr., Ken",1990,22,81,63,0.481
358," Brogna, Rico",1995,22,111,39,0.485
359," Biggio, Craig",1995,22,85,80,0.483
360," Jordan, Brian",1995,22,79,22,0.488
361," O'Neill, Paul",1995,22,76,71,0.526
362," Berroa, Geronimo",1995,22,98,63,0.451
363," Zeile, Todd",2000,22,85,74,0.467
364," Lowell, Mike",2000,22,75,54,0.474
365," Fryman, Travis",2000,22,111,73,0.516
366," Morneau, Justin",2005,22,94,44,0.437
367," Huff, Aubrey",2005,22,88,49,0.428
368," Sizemore, Grady",2005,22,132,52,0.484
369," Green, Shawn",2005,22,95,62,0.477
370," Varitek, Jason",2005,22,117,62,0.489
371," Drew, J.D.",2010,22,105,60,0.452
372," Wigginton, Ty",2010,22,116,50,0.415
373," Choo, Shin-Soo",2010,22,118,83,0.484
374," Longoria, Evan",2010,22,124,72,0.507
375," Stubbs, Drew",2010,22,168,55,0.444
376," Hunter, Torii",2015,22,105,35,0.409
377," Choo, Shin-Soo",2015,22,147,76,0.463
378," Morales, Kendrys",2015,22,103,58,0.485
379," Trumbo, Mark",2015,22,132,36,0.449
380," Plouffe, Trevor",2015,22,124,50,0.435
381," Moustakas, Mike",2015,22,76,43,0.47
382," Voit, Luke",2020,22,54,17,0.61
383," Simmons, Ted",1980,21,45,59,0.505
384," Thompson, Jason",1980,21,86,83,0.475
385," Kemp, Steve",1980,21,64,69,0.474
386," Hrbek, Kent",1985,21,87,67,0.444
387," Whitaker, Lou",1985,21,56,80,0.456
388," Durham, Leon",1985,21,99,64,0.465
389," Foster, George",1985,21,87,46,0.46
390," Martinez, Carmelo",1985,21,82,87,0.434
391," Parker, Dave",1990,21,102,41,0.451
392," Bell, George",1990,21,80,32,0.422
393," Burks, Ellis",1990,21,82,48,0.486
394," Ripken Jr., Cal",1990,21,66,82,0.415
395," Wallach, Tim",1990,21,80,42,0.471
396," Winfield, Dave",1990,21,81,52,0.453
397," Curtis, Chad",1995,21,93,70,0.435
398," Bagwell, Jeff",1995,21,102,79,0.496
399," Murray, Eddie",1995,21,65,39,0.516
400," Konerko, Paul",2000,21,72,47,0.481
401," Stairs, Matt",2000,21,122,78,0.414
402," Clark, Will",2000,21,69,69,0.546
403," Williams, Gerald",2000,21,103,34,0.427
404," Daubach, Brian",2000,21,130,44,0.448
405," Stewart, Shannon",2000,21,79,37,0.518
406," Garciaparra, Nomar",2000,21,50,61,0.599
407," Sweeney, Mike",2005,21,61,33,0.517
408," Young, Dmitri",2005,21,100,29,0.471
409," Swisher, Nick",2005,21,110,55,0.446
410," Young, Michael",2010,21,115,50,0.444
411," Rios, Alex",2010,21,93,38,0.457
412," Matsui, Hideki",2010,21,98,67,0.459
413," Young, Delmon",2010,21,81,28,0.493
414," Kubel, Jason",2010,21,116,56,0.427
415," Jones, Garrett",2010,21,123,53,0.414
416," Ramirez, Hanley",2010,21,93,64,0.475
417," McCann, Brian",2010,21,98,74,0.453
418," Cano, Robinson",2015,21,107,43,0.446
419," Longoria, Evan",2015,21,132,51,0.435
420," Perez, Salvador",2015,21,82,13,0.426
421," Crawford, Brandon",2015,21,119,39,0.462
422," Aikens, Willie",1980,20,88,64,0.433
423," Winfield, Dave",1980,20,83,79,0.45
424," Evans, Darrell",1980,20,65,83,0.414
425," Jacoby, Brook",1985,20,120,48,0.426
426," Murphy, Dwayne",1985,20,123,84,0.4
427," Gaetti, Gary",1985,20,89,37,0.409
428," Downing, Brian",1985,20,61,78,0.427
429," Galarraga, Andres",1990,20,169,40,0.409
430," Brooks, Hubie",1990,20,108,33,0.424
431," Kent, Jeff",1995,20,89,29,0.464
432," Davis, Chili",1995,20,79,89,0.514
433," Quinn, Mark",2000,20,91,35,0.488
434," Hammonds, Jeffrey",2000,20,83,44,0.529
435," Bordick, Mike",2000,20,99,49,0.443
436," Casey, Sean",2000,20,80,52,0.517
437," Aurilia, Rich",2000,20,90,54,0.444
438," Beltre, Adrian",2000,20,80,56,0.475
439," Young, Kevin",2000,20,96,32,0.433
440," Martinez, Victor",2005,20,78,63,0.475
441," Feliz, Pedro",2005,20,102,38,0.422
442," Monroe, Craig",2005,20,95,40,0.446
443," Ibanez, Raul",2005,20,99,71,0.436
444," Winn, Randy",2005,20,91,48,0.499
445," Helton, Todd",2005,20,80,106,0.534
446," LaRoche, Adam",2005,20,87,39,0.455
447," Abreu, Bobby",2010,20,132,87,0.435
448," Rolen, Scott",2010,20,82,50,0.497
449," Martinez, Victor",2010,20,52,40,0.493
450," Overbay, Lyle",2010,20,131,67,0.433
451," Lind, Adam",2015,20,100,66,0.46
452," Reddick, Josh",2015,20,65,49,0.449
453," Pollock, AJ",2015,20,89,53,0.498
454," Matthews, Gary",1980,19,93,42,0.419
455," Oliver, Al",1980,19,47,39,0.48
456," Samuel, Juan",1985,19,141,33,0.436
457," Brenly, Bob",1985,19,62,57,0.391
458," Clark, Will",1990,19,97,62,0.448
459," Presley, Jim",1990,19,130,29,0.414
460," Sierra, Ruben",1995,19,76,46,0.449
461," Boone, Bret",2000,19,97,50,0.421
462," Snow, J.T.",2000,19,129,66,0.459
463," Segui, David",2000,19,84,53,0.51
464," Jones, Jacque",2000,19,111,26,0.463
465," Cameron, Mike",2000,19,133,78,0.438
466," Anderson, Brady",2000,19,103,92,0.421
467," Alomar, Roberto",2000,19,82,64,0.475
468," Jeter, Derek",2005,19,117,77,0.45
469," Overbay, Lyle",2005,19,98,78,0.449
470," Broussard, Ben",2005,19,98,32,0.464
471," Posada, Jorge",2005,19,94,66,0.43
472," Holliday, Matt",2005,19,79,36,0.505
473," Beltre, Adrian",2005,19,108,38,0.413
474," Guillen, Jose",2010,19,113,32,0.416
475," Lee, Derrek",2010,19,134,73,0.428
476," Crawford, Carl",2010,19,104,46,0.495
477," Jones, Adam",2010,19,119,23,0.442
478," Sanchez, Gaby",2010,19,101,57,0.448
479," Davis, Ike",2010,19,138,72,0.44
480," Beltran, Carlos",2015,19,85,45,0.471
481," Desmond, Ian",2015,19,187,45,0.384
482," Posey, Buster",2015,19,52,56,0.47
483," Moss, Brandon",2015,19,148,49,0.407
484," Santana, Carlos",2015,19,122,108,0.395
485," Marte, Starling",2015,19,123,27,0.444
486," Abreu, Jose",2020,19,59,18,0.617
487," Chambliss, Chris",1980,18,73,49,0.44
488," Evans, Dwight",1980,18,98,64,0.484
489," Fisk, Carlton",1980,18,62,36,0.467
490," Gedman, Rich",1985,18,79,50,0.484
491," Moseby, Lloyd",1985,18,91,76,0.426
492," Lemon, Chet",1985,18,93,45,0.439
493," Davis, Alvin",1985,18,71,90,0.441
494," Whitaker, Lou",1990,18,71,74,0.407
495," Fisk, Carlton",1990,18,73,61,0.451
496," King, Jeff",1995,18,63,55,0.456
497," Sprague, Ed",1995,18,96,58,0.407
498," Williams, Bernie",1995,18,98,75,0.487
499," Stanley, Mike",1995,18,106,57,0.481
500," Long, Terrence",2000,18,77,43,0.452
501," Young, Dmitri",2000,18,80,36,0.491
502," O'Neill, Paul",2000,18,90,51,0.424
503," Bell, Jay",2000,18,88,70,0.437
504," Bell, Derek",2000,18,125,65,0.425
505," Hillenbrand, Shea",2005,18,79,26,0.449
506," Roberts, Brian",2005,18,83,67,0.515
507," Klesko, Ryan",2005,18,80,75,0.418
508," Phillips, Brandon",2010,18,83,46,0.43
509," Victorino, Shane",2010,18,79,53,0.429
510," Upton, B.J.",2010,18,164,67,0.424
511," Gomes, Jonny",2010,18,123,39,0.431
512," Ramirez, Alexei",2010,18,82,27,0.431
513," Heyward, Jason",2010,18,128,91,0.456
514," Beltre, Adrian",2015,18,65,41,0.453
515," Cabrera, Miguel",2015,18,82,77,0.534
516," Belt, Brandon",2015,18,147,56,0.478
517," Vogt, Stephen",2015,18,97,56,0.443
518," Hosmer, Eric",2015,18,108,61,0.459
519," Betts, Mookie",2015,18,82,46,0.479
520," Ozuna, Marcell",2020,18,60,38,0.636
521," Parker, Dave",1980,17,69,25,0.458
522," Dawson, Andre",1980,17,69,44,0.492
523," Bell, Buddy",1980,17,39,40,0.498
524," Garvey, Steve",1985,17,67,35,0.43
525," Leonard, Jeffrey",1985,17,107,21,0.393
526," Davis, Jody",1985,17,83,48,0.4
527," Harper, Terry",1985,17,76,44,0.407
528," Hayes, Von",1990,17,81,87,0.413
529," Dunston, Shawon",1990,17,87,15,0.426
530," Yount, Robin",1990,17,89,78,0.38
531," Van Slyke, Andy",1990,17,89,66,0.465
532," Davis, Alvin",1990,17,68,85,0.429
533," Gilkey, Bernard",1995,17,70,42,0.49
534," Ripken Jr., Cal",1995,17,59,52,0.422
535," Abbott, Kurt",1995,17,110,36,0.452
536," Vaughn, Greg",1995,17,89,55,0.408
537," Payton, Jay",2000,17,60,30,0.447
538," Jordan, Brian",2000,17,80,38,0.421
539," Durham, Ray",2000,17,105,75,0.45
540," Belliard, Ronnie",2005,17,72,35,0.45
541," Randa, Joe",2005,17,81,47,0.452
542," Anderson, Garret",2005,17,84,23,0.435
543," Brown, Emil",2005,17,108,48,0.455
544," Hall, Bill",2005,17,103,39,0.495
545," Matthews, Gary",2005,17,90,47,0.436
546," Blake, Casey",2010,17,138,48,0.407
547," Ludwick, Ryan",2010,17,121,48,0.418
548," Upton, Justin",2010,17,152,64,0.442
549," Ramirez, Aramis",2015,17,68,31,0.423
550," Peralta, Jhonny",2015,17,111,50,0.411
551," Peralta, David",2015,17,107,44,0.522
552," Fowler, Dexter",2015,17,154,84,0.411
553," Tulowitzki, Troy",2015,17,114,38,0.44
554," Blackmon, Charlie",2015,17,112,46,0.45
555," Morrison, Logan",2015,17,81,47,0.383
556," Forsythe, Logan",2015,17,111,55,0.444
557," Ramirez, Jose",2020,17,43,31,0.607
558," Trout, Mike",2020,17,56,35,0.603
559," Tatis Jr., Fernando",2020,17,61,27,0.571
560," DeCinces, Douglas",1980,16,83,49,0.403
561," Hernandez, Keith",1980,16,73,86,0.494
562," Mazzilli, Lee",1980,16,92,82,0.431
563," Easler, Mike",1985,16,129,53,0.412
564," Buckner, Bill",1985,16,36,30,0.447
565," Bass, Kevin",1985,16,63,31,0.427
566," Cooper, Cecil",1985,16,77,30,0.456
567," Sierra, Ruben",1990,16,86,49,0.426
568," Brunansky, Tom",1990,16,115,66,0.419
569," Gaetti, Gary",1990,16,101,36,0.376
570," O'Neill, Paul",1990,16,103,53,0.421
571," Clark, Will",1995,16,50,68,0.48
572," Grace, Mark",1995,16,46,65,0.516
573," Anderson, Brady",1995,16,111,87,0.444
574," Damon, Johnny",2000,16,60,65,0.495
575," Brosius, Scott",2000,16,73,45,0.374
576," Martinez, Tino",2000,16,74,52,0.422
577," Cordero, Wil",2000,16,76,32,0.464
578," Coomer, Ron",2000,16,50,36,0.415
579," Renteria, Edgar",2000,16,77,63,0.423
580," Uribe, Juan",2005,16,77,34,0.412
581," Beltran, Carlos",2005,16,96,56,0.414
582," Inge, Brandon",2005,16,140,63,0.419
583," Boone, Aaron",2005,16,92,35,0.378
584," Crisp, Coco",2005,16,81,44,0.465
585," Encarnacion, Juan",2005,16,104,41,0.447
586," Ibanez, Raul",2010,16,108,68,0.444
587," Torres, Andres",2010,16,128,56,0.479
588," Utley, Chase",2010,16,63,63,0.445
589," Betancourt, Yuniesky",2010,16,64,23,0.405
590," Kouzmanoff, Kevin",2010,16,96,24,0.396
591," McCutchen, Andrew",2010,16,89,70,0.449
592," Walker, Neil",2015,16,110,44,0.427
593," Cain, Lorenzo",2015,16,98,37,0.477
594," Coghlan, Chris",2015,16,94,58,0.443
595," Gardner, Brett",2015,16,135,68,0.399
596," Flores, Wilmer",2015,16,63,19,0.408
597," Lawrie, Brett",2015,16,144,28,0.407
598," Pollock, AJ",2020,16,45,12,0.566
599," Cruz, Nelson",2020,16,58,25,0.595
600," Duvall, Adam",2020,16,54,15,0.532
601," Alonso, Pete",2020,16,61,24,0.49
602," Hernandez, Teoscar",2020,16,63,14,0.579
603," Calhoun, Kole",2020,16,50,28,0.526
604," Machado, Manny",2020,16,37,26,0.58
605," Betts, Mookie",2020,16,38,24,0.562
606," Lansford, Carney",1980,15,93,50,0.39
607," Morrison, Jim",1980,15,74,36,0.424
608," McReynolds, Kevin",1985,15,81,43,0.371
609," Ward, Gary",1985,15,97,39,0.433
610," Upshaw, Willie",1985,15,71,48,0.447
611," Carter, Joe",1985,15,74,25,0.409
612," Yount, Robin",1985,15,56,49,0.442
613," Nettles, Graig",1985,15,59,72,0.42
614," Kelly, Roberto",1990,15,148,33,0.418
615," Tettleton, Mickey",1990,15,160,106,0.381
616," Sosa, Sammy",1990,15,150,33,0.404
617," Zeile, Todd",1990,15,77,67,0.398
618," Thompson, Robby",1990,15,96,34,0.392
619," Felix, Junior",1990,15,99,45,0.441
620," Jefferies, Gregg",1990,15,40,46,0.434
621," Boone, Bret",1995,15,84,41,0.429
622," Merced, Orlando",1995,15,74,52,0.468
623," Greenwell, Mike",1995,15,35,38,0.459
624," Baerga, Carlos",1995,15,31,35,0.452
625," Molitor, Paul",1995,15,57,61,0.423
626," Larkin, Barry",1995,15,49,61,0.492
627," Fryman, Travis",1995,15,100,63,0.409
628," Randa, Joe",2000,15,66,36,0.438
629," Jeter, Derek",2000,15,99,68,0.481
630," Gonzalez, Alex",2000,15,113,43,0.404
631," Martin, Al",2000,15,85,36,0.452
632," Buford, Damon",2000,15,118,47,0.39
633," Lofton, Kenny",2000,15,72,79,0.422
634," Suzuki, Ichiro",2005,15,66,48,0.436
635," Kotsay, Mark",2005,15,51,40,0.421
636," Iguchi, Tadahito",2005,15,114,47,0.438
637," Johnson, Nick",2005,15,87,80,0.479
638," Hinske, Eric",2005,15,121,46,0.43
639," Giles, Marcus",2005,15,108,64,0.461
640," Crawford, Carl",2005,15,84,27,0.469
641," Giles, Brian",2005,15,64,119,0.483
642," Tejada, Miguel",2010,15,67,30,0.381
643," Peralta, Jhonny",2010,15,103,53,0.392
644," Prado, Martin",2010,15,86,40,0.459
645," Drew, Stephen",2010,15,108,62,0.458
646," Butler, Billy",2010,15,78,69,0.469
647," Cabrera, Asdrubal",2015,15,107,36,0.43
648," Butler, Billy",2015,15,101,52,0.39
649," Ramos, Wilson",2015,15,101,21,0.358
650," Brantley, Michael",2015,15,51,60,0.48
651," Altuve, Jose",2015,15,67,33,0.459
652," Semien, Marcus",2015,15,132,42,0.405
653," Castellanos, Nick",2015,15,152,39,0.419
654," Myers, Wil",2020,15,56,18,0.606
655," Seager, Corey",2020,15,37,17,0.585
656," Suarez, Eugenio",2020,15,67,30,0.47
657," Cromartie, Warren",1980,14,64,51,0.43
658," Cerone, Rick",1980,14,56,32,0.432
659," McRae, Hal",1980,14,56,29,0.483
660," Knight, Ray",1980,14,62,36,0.417
661," Grich, Bobby",1980,14,108,84,0.408
662," Driessen, Dan",1980,14,68,93,0.418
663," Moreland, Keith",1985,14,58,68,0.44
664," Wilson, Glenn",1985,14,117,35,0.424
665," Doran, Bill",1985,14,69,71,0.434
666," Henderson, Dave",1985,14,104,48,0.388
667," Jacoby, Brook",1990,14,58,63,0.427
668," Calderon, Ivan",1990,14,79,51,0.422
669," Greenwell, Mike",1990,14,43,65,0.434
670," Brett, George",1990,14,63,56,0.515
671," Palmeiro, Rafael",1990,14,59,40,0.468
672," Trammell, Alan",1990,14,55,68,0.449
673," Pendleton, Terry",1995,14,84,38,0.439
674," Dunston, Shawon",1995,14,75,10,0.472
675," Zeile, Todd",1995,14,76,34,0.397
676," Higginson, Bobby",1995,14,107,62,0.393
677," Tarasco, Tony",1995,14,78,51,0.404
678," Grissom, Marquis",2000,14,99,39,0.351
679," Easley, Damion",2000,14,79,55,0.416
680," Clayton, Royce",2000,14,92,42,0.384
681," Kendall, Jason",2000,14,79,79,0.47
682," Olerud, John",2000,14,96,102,0.439
683," Molina, Bengie",2000,14,33,23,0.421
684," Surhoff, B.J.",2000,14,58,41,0.443
685," Encarnacion, Juan",2000,14,90,29,0.433
686," Cano, Robinson",2005,14,68,16,0.458
687," Rodriguez, Ivan",2005,14,93,11,0.444
688," Cuddyer, Michael",2010,14,93,58,0.417
689," Ross, Cody",2010,14,121,37,0.413
690," Boesch, Brennan",2010,14,99,40,0.416
691," Parra, Gerardo",2015,14,92,28,0.452
692," Solarte, Yangervis",2015,14,56,34,0.428
693," Murphy, Daniel",2015,14,38,31,0.449
694," Norris, Derek",2015,14,131,35,0.404
695," Taylor, Michael A.",2015,14,158,35,0.358
696," Eaton, Adam",2015,14,131,58,0.431
697," Acuna Jr., Ronald",2020,14,60,38,0.581
698," Castellanos, Nick",2020,14,69,19,0.486
699," Lowe, Brandon",2020,14,58,25,0.554
700," Jimenez, Eloy",2020,14,56,12,0.559
701," Springer, George",2020,14,38,24,0.54
702," Olson, Matt",2020,14,77,34,0.424
703," Bonnell, Barry",1980,13,59,37,0.417
704," Murphy, Dwayne",1980,13,96,102,0.38
705," Watson, Bob",1980,13,56,48,0.456
706," Johnson, Lamar",1980,13,53,47,0.409
707," Bochte, Bruce",1980,13,81,72,0.456
708," Baines, Harold",1980,13,65,19,0.405
709," Puhl, Terry",1980,13,52,60,0.419
710," Griffey, Ken",1980,13,77,62,0.454
711," Castino, John",1980,13,67,29,0.43
712," Hayes, Von",1985,13,99,61,0.398
713," Davis, Chili",1985,13,74,62,0.412
714," Brooks, Hubie",1985,13,79,34,0.413
715," Grich, Bobby",1985,13,77,81,0.372
716," Trammell, Alan",1985,13,71,50,0.38
717," Samuel, Juan",1990,13,126,51,0.382
718," Guerrero, Pedro",1990,13,70,44,0.426
719," Evans, Dwight",1990,13,73,67,0.391
720," Greer, Rusty",1995,13,66,55,0.424
721," Martin, Al",1995,13,92,44,0.442
722," White, Rondell",1995,13,87,41,0.464
723," Alomar, Roberto",1995,13,45,47,0.449
724," Surhoff, B.J.",1995,13,43,37,0.492
725," Gonzalez, Luis",1995,13,63,57,0.454
726," Bell, Jay",1995,13,110,55,0.404
727," Meares, Pat",2000,13,91,36,0.381
728," Lawton, Matt",2000,13,63,91,0.46
729," Ledee, Ricky",2000,13,98,59,0.381
730," O'Leary, Troy",2000,13,76,44,0.411
731," Lawton, Matt",2005,13,77,69,0.396
732," Rowand, Aaron",2005,13,116,32,0.407
733," Clark, Brady",2005,13,55,47,0.426
734," Atkins, Garrett",2005,13,72,45,0.426
735," Inge, Brandon",2010,13,134,54,0.397
736," Francoeur, Jeff",2010,13,81,30,0.383
737," Suzuki, Kurt",2010,13,49,33,0.366
738," Sandoval, Pablo",2010,13,81,47,0.409
739," Rollins, Jimmy",2015,13,86,44,0.358
740," Zobrist, Ben",2015,13,56,62,0.45
741," Heyward, Jason",2015,13,90,56,0.439
742," Garcia, Avisail",2015,13,141,36,0.365
743," Russell, Addison",2015,13,149,42,0.389
744," Harper, Bryce",2020,13,43,49,0.542
745," Hiura, Keston",2020,13,85,16,0.41
746," Freeman, Freddie",2020,13,37,45,0.64
747," Rosario, Eddie",2020,13,34,19,0.476
748," Soto, Juan",2020,13,28,41,0.695
749," Sano, Miguel",2020,13,90,18,0.478
750," Smalley, Roy",1980,12,63,65,0.405
751," Simmons, Ted",1985,12,32,57,0.402
752," Madlock, Bill",1985,12,53,49,0.402
753," Landreaux, Ken",1985,12,37,33,0.405
754," James, Chris",1990,12,71,31,0.443
755," Daulton, Darren",1990,12,72,72,0.416
756," Puckett, Kirby",1990,12,73,57,0.446
757," Grissom, Marquis",1995,12,61,47,0.376
758," Segui, David",1995,12,47,40,0.461
759," Raines, Tim",1995,12,52,70,0.422
760," McRae, Brian",1995,12,92,47,0.44
761," Blauser, Jeff",1995,12,107,57,0.341
762," Rodriguez, Ivan",1995,12,48,16,0.449
763," Joyner, Wally",1995,12,65,69,0.447
764," Nixon, Trot",2000,12,85,63,0.461
765," Kotsay, Mark",2000,12,46,42,0.443
766," Velarde, Randy",2000,12,95,54,0.4
767," Reese, Pokey",2000,12,86,45,0.386
768," Benard, Marvin",2000,12,97,63,0.396
769," Castilla, Vinny",2005,12,82,43,0.403
770," Rollins, Jimmy",2005,12,71,47,0.431
771," Furcal, Rafael",2005,12,78,62,0.429
772," Williams, Bernie",2005,12,75,53,0.367
773," Durham, Ray",2005,12,59,48,0.429
774," Byrd, Marlon",2010,12,98,31,0.429
775," Gutierrez, Franklin",2010,12,137,50,0.363
776," Markakis, Nick",2010,12,93,73,0.436
777," Phillips, Brandon",2015,12,68,27,0.395
778," Cabrera, Melky",2015,12,88,40,0.394
779," Pillar, Kevin",2015,12,85,28,0.399
780," Duffy, Matt",2015,12,96,30,0.428
781," Muncy, Max",2020,12,60,39,0.389
782," Nunez, Renato",2020,12,64,17,0.492
783," Yelich, Christian",2020,12,76,46,0.43
784," Grichuk, Randal",2020,12,49,13,0.481
785," Turner, Trea",2020,12,36,22,0.588
786," Bellinger, Cody",2020,12,42,30,0.455
787," Flores, Wilmer",2020,12,36,13,0.515
788," Happ, Ian",2020,12,63,30,0.505
789," Meyer, Dan",1980,11,42,31,0.407
790," Cruz, Jose",1980,11,66,60,0.426
791," Maddox, Garry",1980,11,52,18,0.386
792," Lemon, Chet",1980,11,56,71,0.442
793," Hargrove, Mike",1980,11,36,111,0.404
794," Morgan, Joe",1980,11,47,93,0.373
795," Harrah, Toby",1980,11,60,98,0.38
796," Raines, Tim",1985,11,60,81,0.475
797," Bernazard, Tony",1985,11,72,69,0.404
798," Franco, Julio",1990,11,83,82,0.402
799," White, Devon",1990,11,116,44,0.343
800," Treadway, Jeff",1990,11,42,25,0.403
801," Martinez, Edgar",1990,11,62,74,0.433
802," Knoblauch, Chuck",1995,11,95,78,0.487
803," Gomez, Chris",1995,11,96,41,0.355
804," Jefferies, Gregg",1995,11,26,35,0.448
805," Hayes, Charlie",1995,11,88,50,0.406
806," Gutierrez, Ricky",2000,11,58,66,0.401
807," Singleton, Chris",2000,11,85,35,0.382
808," Lansing, Mike",2000,11,75,38,0.365
809," Bell, David",2000,11,66,42,0.381
810," Grace, Mark",2000,11,28,95,0.429
811," Cirillo, Jeff",2000,11,72,67,0.477
812," Everett, Adam",2005,11,103,26,0.364
813," Zaun, Gregg",2005,11,70,73,0.373
814," Berroa, Angel",2005,11,108,18,0.375
815," Wilkerson, Brad",2005,11,147,84,0.405
816," Scutaro, Marco",2010,11,71,53,0.388
817," Cantu, Jorge",2010,11,95,29,0.392
818," Reyes, Jose",2010,11,63,31,0.428
819," Pagan, Angel",2010,11,97,44,0.425
820," Wieters, Matt",2010,11,94,47,0.377
821," Headley, Chase",2010,11,139,56,0.375
822," Kinsler, Ian",2015,11,80,43,0.428
823," Headley, Chase",2015,11,135,51,0.369
824," Castro, Starlin",2015,11,91,21,0.375
825," Wong, Kolten",2015,11,95,36,0.386
826," Story, Trevor",2020,11,63,24,0.519
827," Robert, Luis",2020,11,73,20,0.436
828," Realmuto, J.T.",2020,11,48,16,0.491
829," Gurriel Jr., Lourdes",2020,11,48,14,0.534
830," Schwarber, Kyle",2020,11,66,30,0.393
831," Anderson, Brian",2020,11,66,22,0.465
832," Votto, Joey",2020,11,43,37,0.446
833," Devers, Rafael",2020,11,67,13,0.483
834," Lewis, Kyle",2020,11,71,34,0.437
835," Rizzo, Anthony",2020,11,38,28,0.414
836," Bogaerts, Xander",2020,11,41,21,0.502
837," Lopes, Davey",1980,10,71,58,0.344
838," Howell, Roy",1980,10,92,50,0.413
839," Cedeno, Cesar",1980,10,72,66,0.465
840," Orta, Jorge",1980,10,44,71,0.403
841," Brookens, Tom",1980,10,71,32,0.418
842," Madlock, Bill",1980,10,33,45,0.399
843," Buckner, Bill",1980,10,18,30,0.457
844," Sundberg, Jim",1980,10,67,64,0.384
845," Pena, Tony",1985,10,67,29,0.361
846," Law, Vance",1985,10,96,86,0.405
847," Kennedy, Terry",1985,10,102,31,0.372
848," Molitor, Paul",1985,10,80,54,0.408
849," Hernandez, Keith",1985,10,59,77,0.43
850," McGee, Willie",1985,10,86,34,0.503
851," Bell, Buddy",1985,10,48,67,0.35
852," Leonard, Jeffrey",1990,10,97,37,0.356
853," Sheffield, Gary",1990,10,41,44,0.421
854," Hayes, Charlie",1990,10,91,28,0.348
855," Naehring, Tim",1995,10,66,77,0.448
856," Johnson, Lance",1995,10,31,32,0.425
857," Finley, Steve",1995,10,62,59,0.42
858," Lansing, Mike",1995,10,65,28,0.392
859," White, Devon",1995,10,97,29,0.431
860," Cordero, Wil",1995,10,88,36,0.42
861," Cruz, Deivi",2000,10,43,13,0.449
862," DeShields, Delino",2000,10,82,69,0.444
863," Mueller, Bill",2000,10,62,52,0.388
864," Varitek, Jason",2000,10,84,60,0.388
865," Perez, Neifi",2000,10,63,30,0.427
866," Damon, Johnny",2005,10,69,53,0.439
867," Bell, David",2005,10,69,47,0.361
868," Rios, Alex",2005,10,101,28,0.397
869," Mueller, Bill",2005,10,74,59,0.43
870," Stewart, Shannon",2005,10,73,34,0.388
871," Jeter, Derek",2010,10,106,63,0.37
872," Loney, James",2010,10,95,52,0.395
873," Lopez, Jose",2010,10,66,23,0.339
874," Callaspo, Alberto",2010,10,42,31,0.374
875," Kendrick, Howie",2010,10,94,28,0.407
876," Barton, Daric",2010,10,102,110,0.405
877," Desmond, Ian",2010,10,109,28,0.392
878," Zobrist, Ben",2010,10,107,92,0.353
879," Mauer, Joe",2015,10,112,67,0.38
880," Maybin, Cameron",2015,10,102,45,0.37
881," Sandoval, Pablo",2015,10,73,25,0.366
882," Ramirez, Alexei",2015,10,68,31,0.357
883," Kiermaier, Kevin",2015,10,95,24,0.42
884," Yastrzemski, Mike",2020,10,55,30,0.568
885," Moran, Colin",2020,10,52,19,0.472
886," LeMahieu, DJ",2020,10,21,18,0.59
887," Smith, Dominic",2020,10,45,14,0.616
888," Grisham, Trent",2020,10,64,31,0.456
889," Gallo, Joey",2020,10,79,29,0.378
890," Anderson, Tim",2020,10,50,10,0.529
891," Swanson, Dansby",2020,10,71,22,0.464
892," McCutchen, Andrew",2020,10,48,22,0.433
893," Cabrera, Miguel",2020,10,51,24,0.417
894," Gregorius, Didi",2020,10,28,15,0.488
895," Henderson, Rickey",1980,9,54,117,0.399
896," Bumbry, Al",1980,9,75,78,0.433
897," Boone, Bob",1980,9,41,48,0.338
898," Molitor, Paul",1980,9,48,48,0.438
899," McBride, Bake",1980,9,58,26,0.453
900," Trammell, Alan",1980,9,63,69,0.404
901," Lacy, Lee",1985,9,95,39,0.409
902," Cruz, Jose",1985,9,74,43,0.426
903," Driessen, Dan",1985,9,51,50,0.351
904," Harrah, Toby",1985,9,60,113,0.389
905," Dykstra, Lenny",1990,9,48,89,0.441
906," Templeton, Garry",1990,9,59,24,0.362
907," Smith, Lonnie",1990,9,69,58,0.459
908," Raines, Tim",1990,9,43,70,0.392
909," Grace, Mark",1990,9,54,59,0.413
910," Roberts, Bip",1990,9,65,55,0.433
911," Henderson, Rickey",1995,9,66,72,0.447
912," Gwynn, Tony",1995,9,15,35,0.484
913," Gil, Benji",1995,9,147,26,0.347
914," Kennedy, Adam",2000,9,73,28,0.403
915," Koskie, Corey",2000,9,104,77,0.441
916," Offerman, Jose",2000,9,70,70,0.359
917," DeJesus, David",2005,9,76,42,0.445
918," Counsell, Craig",2005,9,69,78,0.375
919," Mackowiak, Rob",2005,9,100,43,0.389
920," Mauer, Joe",2005,9,64,61,0.411
921," Polanco, Placido",2005,9,25,33,0.447
922," Casey, Sean",2005,9,48,48,0.423
923," Millar, Kevin",2005,9,74,54,0.399
924," Perez, Neifi",2005,9,47,18,0.383
925," Pierzynski, A.J.",2010,9,39,15,0.388
926," Mauer, Joe",2010,9,53,65,0.469
927," Prado, Martin",2015,9,68,37,0.394
928," Jackson, Austin",2015,9,126,29,0.385
929," Escobar, Yunel",2015,9,70,45,0.415
930," Kipnis, Jason",2015,9,107,57,0.451
931," Gregorius, Didi",2015,9,85,33,0.37
932," Polanco, Gregory",2015,9,121,55,0.381
933," Merrifield, Whit",2020,9,33,12,0.44
934," Reyes, Franmil",2020,9,69,24,0.45
935," McMahon, Ryan",2020,9,66,18,0.419
936," Seager, Kyle",2020,9,33,32,0.433
937," Rendon, Anthony",2020,9,31,38,0.497
938," Ruiz, Rio",2020,9,46,17,0.427
939," Conforto, Michael",2020,9,57,24,0.515
940," Tucker, Kyle",2020,9,46,18,0.512
941," Guerrero Jr., Vladimir",2020,9,38,20,0.462
942," Kepler, Max",2020,9,36,22,0.439
943," Henderson, Steve",1980,8,90,62,0.402
944," Youngblood, Joel",1980,8,69,52,0.381
945," Herndon, Larry",1980,8,91,19,0.385
946," Reitz, Ken",1980,8,44,22,0.379
947," Burleson, Rick",1980,8,51,62,0.366
948," Boggs, Wade",1985,8,61,96,0.478
949," Garcia, Damaso",1985,8,41,15,0.377
950," Herr, Tom",1985,8,55,80,0.416
951," Thon, Dickie",1990,8,77,37,0.35
952," Phillips, Tony",1990,8,85,99,0.351
953," Perry, Gerald",1990,8,56,39,0.361
954," Girardi, Joe",1995,8,76,29,0.359
955," DeShields, Delino",1995,8,83,63,0.369
956," Olerud, John",1995,8,54,84,0.404
957," Bordick, Mike",1995,8,48,35,0.35
958," Javier, Stan",1995,8,63,49,0.387
959," Bell, Derek",1995,8,71,33,0.442
960," Belliard, Ronnie",2000,8,84,82,0.389
961," Glanville, Doug",2000,8,76,31,0.374
962," Guzman, Cristian",2000,8,101,46,0.388
963," Adams, Russ",2005,8,57,50,0.383
964," Cabrera, Orlando",2005,8,50,38,0.365
965," Wilson, Jack",2005,8,58,31,0.363
966," Figgins, Chone",2005,8,101,64,0.397
967," Eckstein, David",2005,8,44,58,0.395
968," Lowell, Mike",2005,8,58,46,0.36
969," Renteria, Edgar",2005,8,100,55,0.385
970," Grudzielanek, Mark",2005,8,81,26,0.407
971," Damon, Johnny",2010,8,90,69,0.401
972," Infante, Omar",2010,8,62,29,0.416
973," Cedeno, Ronny",2010,8,106,23,0.382
974," Herrera, Odubel",2015,8,129,28,0.418
975," Baez, Javier",2020,8,75,7,0.36
976," Santana, Carlos",2020,8,43,47,0.35
977," Arenado, Nolan",2020,8,20,15,0.434
978," Lindor, Francisco",2020,8,41,24,0.415
979," Taylor, Chris",2020,8,55,26,0.476
980," Aguilar, Jesus",2020,8,40,23,0.457
981," Nimmo, Brandon",2020,8,43,33,0.484
982," Grandal, Yasmani",2020,8,58,30,0.422
983," Adames, Willy",2020,8,74,20,0.481
984," Bell, Josh",2020,8,59,22,0.364
985," Cabrera, Asdrubal",2020,8,40,19,0.447
986," White, Evan",2020,8,84,18,0.346
987," Riley, Austin",2020,8,49,16,0.415
988," Franco, Maikel",2020,8,38,16,0.457
989," Biggio, Cavan",2020,8,61,41,0.432
990," Crawford, Brandon",2020,8,47,15,0.465
991," Grossman, Robbie",2020,8,38,21,0.482
992," Rivers, Mickey",1980,7,34,20,0.437
993," White, Frank",1980,7,69,19,0.357
994," Randolph, Willie",1980,7,45,119,0.407
995," Landreaux, Ken",1980,7,42,39,0.417
996," Trillo, Manny",1980,7,46,32,0.412
997," Scioscia, Mike",1985,7,21,77,0.42
998," Concepcion, Dave",1985,7,67,50,0.33
999," Ray, Johnny",1985,7,24,46,0.375
1000," Brookens, Tom",1985,7,78,27,0.375
1001," Gladden, Dan",1985,7,78,40,0.347
1002," Quintana, Carlos",1990,7,74,52,0.383
1003," Kruk, John",1990,7,70,69,0.431
1004," Pena, Tony",1990,7,71,43,0.348
1005," Larkin, Barry",1990,7,49,49,0.396
1006," Bell, Jay",1990,7,109,65,0.362
1007," Kelly, Roberto",1995,7,79,22,0.373
1008," Mattingly, Don",1995,7,35,40,0.413
1009," Lofton, Kenny",1995,7,49,40,0.453
1010," Durham, Ray",1995,7,83,31,0.384
1011," Vizquel, Omar",2000,7,72,87,0.375
1012," Womack, Tony",2000,7,74,30,0.384
1013," Grudzielanek, Mark",2000,7,81,45,0.389
1014," Ausmus, Brad",2000,7,79,69,0.365
1015," Ford, Lew",2005,7,85,45,0.377
1016," Hatteberg, Scott",2005,7,54,51,0.343
1017," Erstad, Darin",2005,7,109,47,0.371
1018," Reyes, Jose",2005,7,78,27,0.386
1019," Reyes, Jose",2015,7,62,26,0.378
1020," Andrus, Elvis",2015,7,78,46,0.357
1021," Cervelli, Francisco",2015,7,94,46,0.401
1022," Galvis, Freddy",2015,7,103,30,0.343
1023," Yelich, Christian",2015,7,101,47,0.416
1024," Bogaerts, Xander",2015,7,101,32,0.421
1025," Semien, Marcus",2020,7,50,25,0.374
1026," Frazier, Adam",2020,7,35,17,0.364
1027," Dickerson, Corey",2020,7,35,15,0.402
1028," Martinez, J.D.",2020,7,59,22,0.389
1029," Vazquez, Christian",2020,7,43,16,0.457
1030," Segura, Jean",2020,7,45,23,0.422
1031," Walker, Christian",2020,7,50,19,0.459
1032," Bradley Jr., Jackie",2020,7,48,23,0.45
1033," Reynolds, Bryan",2020,7,57,21,0.357
1034," Longoria, Evan",2020,7,39,11,0.425
1035," Profar, Jurickson",2020,7,28,15,0.428
1036," Candelario, Jeimer",2020,7,49,20,0.503
1037," Contreras, Willson",2020,7,57,20,0.407
1038," Montanez, Willie",1980,6,55,39,0.348
1039," Washington, U L",1980,6,78,53,0.375
1040," Powell, Hosken",1980,6,46,32,0.355
1041," Wathan, John",1980,6,42,50,0.406
1042," Cowens, Al",1980,6,61,49,0.352
1043," Franco, Julio",1985,6,74,54,0.381
1044," Smith, Ozzie",1985,6,27,65,0.361
1045," Duncan, Mariano",1985,6,113,38,0.34
1046," Templeton, Garry",1985,6,88,41,0.377
1047," Smith, Lonnie",1985,6,89,56,0.358
1048," Gwynn, Tony",1985,6,33,45,0.408
1049," Garner, Phil",1985,6,72,34,0.4
1050," Magadan, Dave",1990,6,55,74,0.457
1051," Harper, Brian",1990,6,27,19,0.432
1052," Seitzer, Kevin",1990,6,66,67,0.37
1053," Boggs, Wade",1990,6,68,87,0.418
1054," Coleman, Vince",1990,6,88,35,0.4
1055," Alomar, Roberto",1990,6,72,48,0.381
1056," Surhoff, B.J.",1990,6,37,41,0.376
1057," Browne, Jerry",1990,6,46,72,0.372
1058," Vizquel, Omar",1995,6,59,59,0.351
1059," Morandini, Mickey",1995,6,80,42,0.417
1060," Alicea, Luis",1995,6,61,63,0.375
1061," Gagne, Greg",1995,6,60,38,0.374
1062," Lamb, Mike",2000,6,60,34,0.373
1063," Young, Eric",2000,6,39,63,0.399
1064," Goodwin, Tom",2000,6,117,68,0.352
1065," Jackson, Damian",2000,6,108,62,0.377
1066," Alicea, Luis",2000,6,75,59,0.404
1067," Owens, Eric",2000,6,63,45,0.381
1068," Lugo, Julio",2005,6,72,61,0.403
1069," Polanco, Placido",2010,6,47,32,0.386
1070," Podsednik, Scott",2010,6,83,40,0.382
1071," Suzuki, Ichiro",2010,6,86,45,0.394
1072," Hudson, Orlando",2010,6,87,50,0.372
1073," Molina, Yadier",2010,6,51,42,0.342
1074," Keppinger, Jeff",2010,6,36,51,0.393
1075," Fowler, Dexter",2010,6,104,57,0.41
1076," Pennington, Cliff",2010,6,96,50,0.368
1077," Segura, Jean",2015,6,93,13,0.336
1078," LeMahieu, DJ",2015,6,107,50,0.388
1079," Inciarte, Ender",2015,6,58,26,0.408
1080," Peterson, Jace",2015,6,120,56,0.335
1081," Davis, J.D.",2020,6,56,31,0.389
1082," Verdugo, Alex",2020,6,45,17,0.478
1083," Gurriel, Yuli",2020,6,27,12,0.384
1084," Dozier, Hunter",2020,6,48,27,0.392
1085," Moncada, Yoan",2020,6,72,28,0.385
1086," Laureano, Ramon",2020,6,58,24,0.366
1087," Marte, Starling",2020,6,41,12,0.43
1088," Blackmon, Charlie",2020,6,44,19,0.448
1089," Hicks, Aaron",2020,6,38,41,0.414
1090," Mondesi, Adalberto",2020,6,70,11,0.416
1091," Pillar, Kevin",2020,6,41,13,0.462
1092," Goldschmidt, Paul",2020,6,43,37,0.466
1093," Concepcion, Dave",1980,5,107,37,0.36
1094," Wills, Bump",1980,5,71,51,0.36
1095," Wynegar, Butch",1980,5,36,63,0.335
1096," Randle, Lenny",1980,5,55,50,0.37
1097," Garner, Phil",1980,5,53,46,0.358
1098," Dent, Bucky",1980,5,37,48,0.354
1099," Pendleton, Terry",1985,5,75,37,0.306
1100," Randolph, Willie",1985,5,39,85,0.356
1101," Barrett, Marty",1985,5,50,56,0.343
1102," Hubbard, Glenn",1985,5,54,56,0.314
1103," Boone, Bob",1985,5,35,37,0.317
1104," Ramirez, Rafael",1985,5,63,20,0.333
1105," Gantner, Jim",1985,5,42,33,0.327
1106," Butler, Brett",1985,5,42,63,0.431
1107," Ventura, Robin",1990,5,53,55,0.318
1108," Reed, Jody",1990,5,65,75,0.39
1109," Eisenreich, Jim",1990,5,51,42,0.397
1110," Owen, Spike",1990,5,60,70,0.342
1111," Hatcher, Billy",1990,5,42,33,0.381
1112," Reynolds, Harold",1990,5,52,81,0.347
1113," Herr, Tom",1990,5,58,50,0.347
1114," Gladden, Dan",1990,5,67,26,0.376
1115," Clayton, Royce",1995,5,109,38,0.342
1116," Seitzer, Kevin",1995,5,57,64,0.421
1117," Lemke, Mark",1995,5,40,44,0.356
1118," Boggs, Wade",1995,5,50,74,0.422
1119," Coleman, Vince",1995,5,80,37,0.398
1120," Veras, Quilvio",1995,5,68,80,0.373
1121," Gates, Brent",1995,5,84,46,0.344
1122," Hamilton, Darryl",1995,5,35,47,0.389
1123," McLemore, Mark",1995,5,71,59,0.358
1124," Relaford, Desi",2000,5,71,75,0.3
1125," Bergeron, Peter",2000,5,100,58,0.349
1126," Martinez, Dave",2000,5,73,50,0.37
1127," Aybar, Erick",2010,5,81,35,0.33
1128," Davis, Rajai",2010,5,78,26,0.377
1129," Schumaker, Skip",2010,5,64,43,0.338
1130," Gardner, Brett",2010,5,101,79,0.379
1131," Burns, Billy",2015,5,81,26,0.392
1132," Gose, Anthony",2015,5,145,45,0.367
1133," Brantley, Michael",2020,5,28,17,0.476
1134," Peralta, David",2020,5,45,13,0.433
1135," La Stella, Tommy",2020,5,12,27,0.449
1136," Gonzalez, Marwin",2020,5,41,17,0.32
1137," Ahmed, Nick",2020,5,46,18,0.402
1138," Arcia, Orlando",2020,5,32,14,0.416
1139," Canha, Mark",2020,5,54,37,0.408
1140," Edman, Tommy",2020,5,48,16,0.368
1141," Correa, Carlos",2020,5,49,16,0.383
1142," Altuve, Jose",2020,5,39,17,0.344
1143," Mumphrey, Jerry",1980,4,90,49,0.372
1144," Templeton, Garry",1980,4,43,18,0.417
1145," LeFlore, Ron",1980,4,99,62,0.363
1146," Garcia, Damaso",1980,4,55,12,0.381
1147," Richards, Gene",1980,4,73,61,0.385
1148," Wilson, Willie",1985,4,94,29,0.408
1149," Puckett, Kirby",1985,4,87,41,0.385
1150," Sax, Steve",1990,4,46,49,0.325
1151," Fernandez, Tony",1990,4,70,71,0.391
1152," Biggio, Craig",1990,4,79,53,0.348
1153," DeShields, Delino",1990,4,96,66,0.393
1154," Caminiti, Ken",1990,4,97,48,0.309
1155," Gwynn, Tony",1990,4,23,44,0.415
1156," Fletcher, Scott",1990,4,63,45,0.312
1157," Goodwin, Tom",1995,4,72,38,0.358
1158," Reed, Jody",1995,4,38,59,0.328
1159," Offerman, Jose",1995,4,67,69,0.375
1160," Vina, Fernando",2000,4,36,36,0.398
1161," Henderson, Rickey",2000,4,75,88,0.305
1162," Furcal, Rafael",2000,4,80,73,0.382
1163," Castillo, Luis",2005,4,32,65,0.374
1164," Cabrera, Orlando",2010,4,53,28,0.354
1165," Bartlett, Jason",2010,4,83,45,0.35
1166," Escobar, Alcides",2010,4,70,36,0.326
1167," Jackson, Austin",2010,4,170,47,0.4
1168," Cabrera, Melky",2010,4,64,42,0.354
1169," Escobar, Yunel",2010,4,57,56,0.318
1170," Molina, Yadier",2015,4,59,32,0.35
1171," Giavotella, Johnny",2015,4,59,32,0.375
1172," Strange-Gordon, Dee",2015,4,91,25,0.418
1173," Owings, Chris",2015,4,144,26,0.322
1174," Simmons, Andrelton",2015,4,48,39,0.338
1175," Polanco, Jorge",2020,4,35,13,0.354
1176," Escobar, Eduardo",2020,4,41,15,0.335
1177," McNeil, Jeff",2020,4,24,20,0.454
1178," Cronenworth, Jake",2020,4,30,18,0.477
1179," Reyes, Victor",2020,4,45,9,0.391
1180," Reddick, Josh",2020,4,42,20,0.378
1181," Wilson, Willie",1980,3,81,28,0.421
1182," Foli, Tim",1980,3,23,19,0.327
1183," Manning, Rick",1980,3,66,63,0.306
1184," Carew, Rod",1980,3,38,59,0.437
1185," De Jesus, Ivan",1980,3,81,60,0.325
1186," Collins, Dave",1980,3,68,53,0.37
1187," Milner, Eddie",1985,3,31,61,0.347
1188," Uribe, Jose",1985,3,57,30,0.315
1189," Trillo, Manny",1985,3,44,40,0.288
1190," Finley, Steve",1990,3,53,32,0.328
1191," Wilson, Mookie",1990,3,102,31,0.355
1192," Stillwell, Kurt",1990,3,60,39,0.352
1193," Butler, Brett",1990,3,62,90,0.384
1194," Lansford, Carney",1990,3,50,45,0.32
1195," McGee, Willie",1990,3,104,48,0.419
1196," Cora, Joey",1995,3,31,37,0.372
1197," Sanchez, Rey",1995,3,48,14,0.36
1198," Vizcaino, Jose",1995,3,76,35,0.365
1199," Morris, Warren",2000,3,78,65,0.343
1200," McLemore, Mark",2000,3,78,81,0.316
1201," Vizquel, Omar",2005,3,58,56,0.35
1202," Taveras, Willy",2005,3,103,25,0.341
1203," Reed, Jeremy",2005,3,74,48,0.352
1204," Span, Denard",2010,3,74,60,0.348
1205," Castro, Starlin",2010,3,71,29,0.408
1206," Aybar, Erick",2015,3,73,25,0.338
1207," Pagan, Angel",2015,3,93,32,0.332
1208," Escobar, Alcides",2015,3,75,26,0.32
1209," Markakis, Nick",2015,3,83,70,0.376
1210," Hernandez, Cesar",2020,3,57,24,0.408
1211," Fletcher, David",2020,3,25,20,0.425
1212," Kiner-Falefa, Isiah",2020,3,32,14,0.37
1213," Solano, Donovan",2020,3,39,10,0.463
1214," Robles, Victor",2020,3,53,9,0.315
1215," Alberto, Hanser",2020,3,30,5,0.393
1216," Gonzalez, Erik",2020,3,51,8,0.359
1217," Cabell, Enos",1980,2,84,26,0.351
1218," Griffin, Alfredo",1980,2,58,24,0.349
1219," Dauer, Rich",1980,2,19,46,0.352
1220," Moreno, Omar",1980,2,101,57,0.325
1221," Bowa, Larry",1980,2,28,24,0.322
1222," Peters, Rick",1980,2,48,54,0.373
1223," Fernandez, Tony",1985,2,41,43,0.39
1224," Carew, Rod",1985,2,47,64,0.345
1225," Griffin, Alfredo",1985,2,50,20,0.332
1226," Perconte, Jack",1985,2,36,50,0.34
1227," Weiss, Walt",1990,2,53,46,0.321
1228," Castillo, Luis",2000,2,86,78,0.388
1229," Clayton, Royce",2005,2,105,38,0.351
1230," Pierre, Juan",2005,2,45,41,0.354
1231," Theriot, Ryan",2010,2,74,41,0.312
1232," Bourn, Michael",2010,2,109,59,0.346
1233," Revere, Ben",2015,2,64,32,0.377
1234," Holt, Brock",2015,2,97,46,0.379
1235," Crawford, J.P.",2020,2,39,23,0.338
1236," Marte, Ketel",2020,2,21,7,0.409
1237," Villar, Jonathan",2020,2,54,19,0.292
1238," Solak, Nick",2020,2,42,18,0.344
1239," Garcia, Avisail",2020,2,49,20,0.326
1240," Whitaker, Lou",1980,1,79,73,0.283
1241," Rose, Pete",1980,1,33,66,0.354
1242," Sax, Steve",1985,1,43,54,0.318
1243," Guillen, Ozzie",1985,1,36,12,0.358
1244," Coleman, Vince",1985,1,115,50,0.335
1245," Oester, Ron",1985,1,65,51,0.361
1246," Santana, Rafael",1985,1,54,29,0.302
1247," Meacham, Bob",1985,1,102,54,0.266
1248," Dernier, Bob",1985,1,44,40,0.316
1249," Pettis, Gary",1985,1,125,62,0.323
1250," Backman, Wally",1985,1,72,36,0.344
1251," Smith, Ozzie",1990,1,33,61,0.305
1252," Lind, Jose",1990,1,52,35,0.34
1253," Johnson, Lance",1990,1,45,33,0.357
1254," Guillen, Ozzie",1990,1,37,26,0.341
1255," Griffin, Alfredo",1990,1,65,29,0.254
1256," Yelding, Eric",1990,1,87,39,0.297
1257," Oquendo, Jose",1990,1,46,74,0.316
1258," Weiss, Walt",1995,1,57,98,0.321
1259," Lewis, Darren",1995,1,57,34,0.297
1260," Butler, Brett",1995,1,51,67,0.376
1261," Stocker, Kevin",1995,1,75,43,0.274
1262," Sanchez, Rey",2000,1,55,28,0.322
1263," Izturis, Cesar",2010,1,53,25,0.268
1264," Pierre, Juan",2010,1,47,45,0.316
1265," Figgins, Chone",2010,1,114,74,0.306
1266," Lopez, Nicky",2020,1,41,18,0.266
1267," Wong, Kolten",2020,1,30,20,0.326
1268," Tapia, Raimel",2020,1,38,14,0.402
1269," Taveras, Frank",1980,0,64,23,0.327
1270," Smith, Ozzie",1980,0,49,71,0.276
1271," Scott, Rodney",1980,0,75,70,0.293
1272," Dilone, Miguel",1980,0,45,28,0.432
1273," Nixon, Otis",1995,0,85,58,0.338
1274," Kendall, Jason",2005,0,39,50,0.321
1275," Podsednik, Scott",2005,0,75,47,0.349
1276," Morgan, Nyjer",2010,0,88,40,0.314
1277," Andrus, Elvis",2010,0,96,64,0.301
